{"cameraMode":{"drawMode":0,"name":"Shaded","section":"Shading Mode"},"sceneLighting":false,"audioPlay":false,"sceneViewState":{"m_AlwaysRefresh":false,"showFog":false,"showSkybox":false,"showFlares":false,"showImageEffects":false,"showParticleSystems":false,"showVisualEffectGraphs":true,"m_FxEnabled":false},"in2DMode":false,"pivot":{"x":-0.0000019073486328125,"y":0.9352339506149292,"z":-0.033947259187698367},"rotation":{"x":-0.00794710498303175,"y":0.9826292991638184,"z":-0.18066899478435517,"w":-0.04568425565958023},"size":1.581752061843872,"orthographic":false}