{"cameraMode":{"drawMode":0,"name":"Shaded","section":"Shading Mode"},"sceneLighting":true,"audioPlay":false,"sceneViewState":{"m_AlwaysRefresh":false,"showFog":true,"showSkybox":true,"showFlares":true,"showImageEffects":true,"showParticleSystems":true,"showVisualEffectGraphs":true,"m_FxEnabled":false},"in2DMode":false,"pivot":{"x":33.6493034362793,"y":12.046683311462403,"z":0.33474063873291018},"rotation":{"x":-0.24241845309734345,"y":0.003007940948009491,"z":-0.0007506655529141426,"w":-0.9703689217567444},"size":1.5489230155944825,"orthographic":false}